StoreAddress,DropDay
"6809 Davis Circle, Raleigh, NC 27612",Thursday
"1505 Banyon Pl., Wendell, NC 27571",Tuesday
"4501 Vineyrd Pine Ln., Rolesville, NC 27571",Wednesday
"100 Village Walk Dr., Holly Springs, NC 27540",Wednesday
"7911 ACC Blvd., Raleigh, NC 27617",Wednesday
"1793 West Williams St., Apex, NC 27502",Friday
"704 Money Ct., Knightdale, NC 27545",Tuesday
"7336 Creedmoor Rd., Raleigh, NC 27613",Thursday
"1601-61 Cross Link Rd., Raleigh, NC 27610",Tuesday
"200 New Rand Road, Garner, NC 27529",Monday
"6301 Town Center Dr., Raleigh, NC 27614",Thursday
"665 Cary Towne Blvd., Cary, NC 27511",Wednesday
"11360 Capital Blvd., Wake Forest, NC 27587",Tuesday
"1940 Cinema Dr., Fuquay Varina, NC 27526",Wednesday
"1415 E. Williams St., Apex, NC 27617",Friday
"3320 Olympia Dr., Raleigh, NC 27603",Thursday
"2645 Appliance Ct., Raleigh, NC 27604",Thursday
"1222 New Bern Ave., Raleigh, NC 27401",Tuesday
"420 Woodburn Rd., Raleigh, NC 27605",Friday
"3615 SW Cary Parkway, Cary, NC 27513",Friday
"1420 N Ardendell Dr., Zebulon, NC 27597",Thursday
"2109-106 Avent Ferry Rd., Raleigh, NC 27606",Wednesday
"4009 Davis Dr., Morrisville, NC 27560",Friday
"6494 Tryon Rd., Cary, NC 27511",Friday
"7200 Sandy Fork Rd., Raleigh, NC 27609",Thursday
"4215 The Circle at North Hills Rd., Raleigh, NC 27609",Wednesday
"209 S Salisbury St., Raleigh, NC 27601",Wednesday















